-- Demo Seed Data for TaskFlow
-- Usage: psql $DATABASE_URL < backend/db/seed.sql

-- Clear existing data (dependency order)
DELETE FROM task_labels;
DELETE FROM task_comments;
DELETE FROM labels;
DELETE FROM tasks;
DELETE FROM columns;
DELETE FROM boards;
DELETE FROM project_members;
DELETE FROM projects;
DELETE FROM refresh_tokens;
DELETE FROM tenant_members;
DELETE FROM users;
DELETE FROM tenants;

-- ============================================================
-- Tenant
-- ============================================================
INSERT INTO tenants (id, name, slug) VALUES
  ('a0000000-0000-0000-0000-000000000001', 'Demo Workspace', 'demo');

-- ============================================================
-- Users (password: demo1234, bcrypt cost 12)
-- ============================================================
INSERT INTO users (id, email, password_hash, display_name) VALUES
  ('b0000000-0000-0000-0000-000000000001', 'demo@taskflow.app',  '$2a$12$qbA7d7SYketmmJsWQWfRMOE1gGzOrDKv2ZIewf.0qqD161KmokExu', 'Demo User'),
  ('b0000000-0000-0000-0000-000000000002', 'alice@taskflow.app', '$2a$12$qbA7d7SYketmmJsWQWfRMOE1gGzOrDKv2ZIewf.0qqD161KmokExu', 'Alice Chen'),
  ('b0000000-0000-0000-0000-000000000003', 'bob@taskflow.app',   '$2a$12$qbA7d7SYketmmJsWQWfRMOE1gGzOrDKv2ZIewf.0qqD161KmokExu', 'Bob Smith');

-- ============================================================
-- Tenant Members
-- ============================================================
INSERT INTO tenant_members (id, tenant_id, user_id, role) VALUES
  ('c0000000-0000-0000-0000-000000000001', 'a0000000-0000-0000-0000-000000000001', 'b0000000-0000-0000-0000-000000000001', 'owner'),
  ('c0000000-0000-0000-0000-000000000002', 'a0000000-0000-0000-0000-000000000001', 'b0000000-0000-0000-0000-000000000002', 'admin'),
  ('c0000000-0000-0000-0000-000000000003', 'a0000000-0000-0000-0000-000000000001', 'b0000000-0000-0000-0000-000000000003', 'member');

-- ============================================================
-- Projects
-- ============================================================
INSERT INTO projects (id, tenant_id, name, description) VALUES
  ('d0000000-0000-0000-0000-000000000001', 'a0000000-0000-0000-0000-000000000001', 'Product Launch', 'Plan and execute the v1.0 product launch'),
  ('d0000000-0000-0000-0000-000000000002', 'a0000000-0000-0000-0000-000000000001', 'Bug Tracker', 'Track and resolve reported bugs');

-- ============================================================
-- Project Members
-- ============================================================
INSERT INTO project_members (id, project_id, user_id, role) VALUES
  ('e0000000-0000-0000-0000-000000000001', 'd0000000-0000-0000-0000-000000000001', 'b0000000-0000-0000-0000-000000000001', 'owner'),
  ('e0000000-0000-0000-0000-000000000002', 'd0000000-0000-0000-0000-000000000001', 'b0000000-0000-0000-0000-000000000002', 'admin'),
  ('e0000000-0000-0000-0000-000000000003', 'd0000000-0000-0000-0000-000000000001', 'b0000000-0000-0000-0000-000000000003', 'member'),
  ('e0000000-0000-0000-0000-000000000004', 'd0000000-0000-0000-0000-000000000002', 'b0000000-0000-0000-0000-000000000001', 'owner'),
  ('e0000000-0000-0000-0000-000000000005', 'd0000000-0000-0000-0000-000000000002', 'b0000000-0000-0000-0000-000000000002', 'admin'),
  ('e0000000-0000-0000-0000-000000000006', 'd0000000-0000-0000-0000-000000000002', 'b0000000-0000-0000-0000-000000000003', 'member');

-- ============================================================
-- Boards
-- ============================================================
INSERT INTO boards (id, tenant_id, project_id, name) VALUES
  ('f0000000-0000-0000-0000-000000000001', 'a0000000-0000-0000-0000-000000000001', 'd0000000-0000-0000-0000-000000000001', 'Main Board'),
  ('f0000000-0000-0000-0000-000000000002', 'a0000000-0000-0000-0000-000000000001', 'd0000000-0000-0000-0000-000000000002', 'Main Board');

-- ============================================================
-- Columns (4 per board)
-- ============================================================
-- Board 1: Product Launch
INSERT INTO columns (id, tenant_id, board_id, name, position, color) VALUES
  ('10000000-0000-0000-0000-000000000001', 'a0000000-0000-0000-0000-000000000001', 'f0000000-0000-0000-0000-000000000001', 'Backlog',     0, '#6B7280'),
  ('10000000-0000-0000-0000-000000000002', 'a0000000-0000-0000-0000-000000000001', 'f0000000-0000-0000-0000-000000000001', 'In Progress', 1, '#3B82F6'),
  ('10000000-0000-0000-0000-000000000003', 'a0000000-0000-0000-0000-000000000001', 'f0000000-0000-0000-0000-000000000001', 'Review',      2, '#F59E0B'),
  ('10000000-0000-0000-0000-000000000004', 'a0000000-0000-0000-0000-000000000001', 'f0000000-0000-0000-0000-000000000001', 'Done',        3, '#10B981');

-- Board 2: Bug Tracker
INSERT INTO columns (id, tenant_id, board_id, name, position, color) VALUES
  ('10000000-0000-0000-0000-000000000005', 'a0000000-0000-0000-0000-000000000001', 'f0000000-0000-0000-0000-000000000002', 'Backlog',     0, '#6B7280'),
  ('10000000-0000-0000-0000-000000000006', 'a0000000-0000-0000-0000-000000000001', 'f0000000-0000-0000-0000-000000000002', 'In Progress', 1, '#3B82F6'),
  ('10000000-0000-0000-0000-000000000007', 'a0000000-0000-0000-0000-000000000001', 'f0000000-0000-0000-0000-000000000002', 'Review',      2, '#F59E0B'),
  ('10000000-0000-0000-0000-000000000008', 'a0000000-0000-0000-0000-000000000001', 'f0000000-0000-0000-0000-000000000002', 'Done',        3, '#10B981');

-- ============================================================
-- Tasks — Project 1: Product Launch (10 tasks)
-- ============================================================
INSERT INTO tasks (id, tenant_id, column_id, title, description, position, priority, assignee_id, due_date) VALUES
  -- Backlog
  ('20000000-0000-0000-0000-000000000001', 'a0000000-0000-0000-0000-000000000001', '10000000-0000-0000-0000-000000000001',
   'Write launch blog post', 'Draft and publish the announcement blog post for v1.0', 0, 'medium', 'b0000000-0000-0000-0000-000000000002', '2026-03-20 00:00:00+00'),
  ('20000000-0000-0000-0000-000000000002', 'a0000000-0000-0000-0000-000000000001', '10000000-0000-0000-0000-000000000001',
   'Prepare press kit', 'Create media assets and press release', 1, 'low', NULL, '2026-03-25 00:00:00+00'),
  ('20000000-0000-0000-0000-000000000003', 'a0000000-0000-0000-0000-000000000001', '10000000-0000-0000-0000-000000000001',
   'Set up analytics tracking', 'Integrate PostHog for product analytics', 2, 'medium', 'b0000000-0000-0000-0000-000000000003', NULL),

  -- In Progress
  ('20000000-0000-0000-0000-000000000004', 'a0000000-0000-0000-0000-000000000001', '10000000-0000-0000-0000-000000000002',
   'Design landing page', 'Create hero section, features, and CTA', 0, 'high', 'b0000000-0000-0000-0000-000000000002', '2026-03-15 00:00:00+00'),
  ('20000000-0000-0000-0000-000000000005', 'a0000000-0000-0000-0000-000000000001', '10000000-0000-0000-0000-000000000002',
   'Implement OAuth2 login', 'Add Google and GitHub OAuth providers', 1, 'high', 'b0000000-0000-0000-0000-000000000001', '2026-03-14 00:00:00+00'),

  -- Review
  ('20000000-0000-0000-0000-000000000006', 'a0000000-0000-0000-0000-000000000001', '10000000-0000-0000-0000-000000000003',
   'API rate limiting', 'Add per-user rate limits to all endpoints', 0, 'medium', 'b0000000-0000-0000-0000-000000000001', '2026-03-12 00:00:00+00'),
  ('20000000-0000-0000-0000-000000000007', 'a0000000-0000-0000-0000-000000000001', '10000000-0000-0000-0000-000000000003',
   'Update API documentation', 'Swagger/OpenAPI spec for all v1 endpoints', 1, 'low', 'b0000000-0000-0000-0000-000000000003', '2026-03-18 00:00:00+00'),

  -- Done
  ('20000000-0000-0000-0000-000000000008', 'a0000000-0000-0000-0000-000000000001', '10000000-0000-0000-0000-000000000004',
   'Set up CI/CD pipeline', 'GitHub Actions for build, test, and deploy', 0, 'high', 'b0000000-0000-0000-0000-000000000001', '2026-03-05 00:00:00+00'),
  ('20000000-0000-0000-0000-000000000009', 'a0000000-0000-0000-0000-000000000001', '10000000-0000-0000-0000-000000000004',
   'Configure production database', 'RDS instance with backups enabled', 1, 'high', 'b0000000-0000-0000-0000-000000000001', '2026-03-04 00:00:00+00'),
  ('20000000-0000-0000-0000-000000000010', 'a0000000-0000-0000-0000-000000000001', '10000000-0000-0000-0000-000000000004',
   'User registration flow', 'Email signup with verification', 2, 'medium', 'b0000000-0000-0000-0000-000000000002', '2026-03-01 00:00:00+00');

-- ============================================================
-- Tasks — Project 2: Bug Tracker (8 tasks)
-- ============================================================
INSERT INTO tasks (id, tenant_id, column_id, title, description, position, priority, assignee_id, due_date) VALUES
  -- Backlog
  ('20000000-0000-0000-0000-000000000011', 'a0000000-0000-0000-0000-000000000001', '10000000-0000-0000-0000-000000000005',
   'Mobile menu not closing on route change', 'Navigation drawer stays open after link tap on iOS Safari', 0, 'medium', NULL, NULL),
  ('20000000-0000-0000-0000-000000000012', 'a0000000-0000-0000-0000-000000000001', '10000000-0000-0000-0000-000000000005',
   'Timezone offset in due dates', 'Due dates show wrong day for UTC+9 users', 1, 'high', 'b0000000-0000-0000-0000-000000000002', '2026-03-10 00:00:00+00'),

  -- In Progress
  ('20000000-0000-0000-0000-000000000013', 'a0000000-0000-0000-0000-000000000001', '10000000-0000-0000-0000-000000000006',
   'WebSocket reconnection drops events', 'Messages sent during reconnect window are lost', 0, 'urgent', 'b0000000-0000-0000-0000-000000000001', '2026-03-08 00:00:00+00'),
  ('20000000-0000-0000-0000-000000000014', 'a0000000-0000-0000-0000-000000000001', '10000000-0000-0000-0000-000000000006',
   'Drag preview misaligned on retina displays', 'Card shadow offset doubled on 2x screens', 1, 'low', 'b0000000-0000-0000-0000-000000000003', '2026-03-16 00:00:00+00'),

  -- Review
  ('20000000-0000-0000-0000-000000000015', 'a0000000-0000-0000-0000-000000000001', '10000000-0000-0000-0000-000000000007',
   'Fix refresh token rotation race condition', 'Concurrent requests cause token invalidation', 0, 'urgent', 'b0000000-0000-0000-0000-000000000001', '2026-03-07 00:00:00+00'),
  ('20000000-0000-0000-0000-000000000016', 'a0000000-0000-0000-0000-000000000001', '10000000-0000-0000-0000-000000000007',
   'Empty state not shown for new projects', 'Board page shows spinner forever if no columns exist', 1, 'medium', 'b0000000-0000-0000-0000-000000000002', '2026-03-13 00:00:00+00'),

  -- Done
  ('20000000-0000-0000-0000-000000000017', 'a0000000-0000-0000-0000-000000000001', '10000000-0000-0000-0000-000000000008',
   'Fix CORS preflight for DELETE requests', 'OPTIONS handler missing for task deletion endpoint', 0, 'high', 'b0000000-0000-0000-0000-000000000001', '2026-03-02 00:00:00+00'),
  ('20000000-0000-0000-0000-000000000018', 'a0000000-0000-0000-0000-000000000001', '10000000-0000-0000-0000-000000000008',
   'Password reset email not sending', 'SMTP config missing in production env', 1, 'high', 'b0000000-0000-0000-0000-000000000003', '2026-03-03 00:00:00+00');

-- ============================================================
-- Labels (tenant-scoped)
-- ============================================================
INSERT INTO labels (id, tenant_id, name, color) VALUES
  ('30000000-0000-0000-0000-000000000001', 'a0000000-0000-0000-0000-000000000001', 'Bug',     '#EF4444'),
  ('30000000-0000-0000-0000-000000000002', 'a0000000-0000-0000-0000-000000000001', 'Feature', '#3B82F6'),
  ('30000000-0000-0000-0000-000000000003', 'a0000000-0000-0000-0000-000000000001', 'Urgent',  '#F97316'),
  ('30000000-0000-0000-0000-000000000004', 'a0000000-0000-0000-0000-000000000001', 'Design',  '#8B5CF6');

-- ============================================================
-- Task Labels
-- ============================================================
INSERT INTO task_labels (task_id, label_id) VALUES
  -- Product Launch tasks
  ('20000000-0000-0000-0000-000000000004', '30000000-0000-0000-0000-000000000004'),  -- Design landing page -> Design
  ('20000000-0000-0000-0000-000000000005', '30000000-0000-0000-0000-000000000002'),  -- OAuth2 login -> Feature
  ('20000000-0000-0000-0000-000000000006', '30000000-0000-0000-0000-000000000002'),  -- Rate limiting -> Feature
  ('20000000-0000-0000-0000-000000000008', '30000000-0000-0000-0000-000000000002'),  -- CI/CD pipeline -> Feature
  ('20000000-0000-0000-0000-000000000001', '30000000-0000-0000-0000-000000000004'),  -- Blog post -> Design
  -- Bug Tracker tasks
  ('20000000-0000-0000-0000-000000000011', '30000000-0000-0000-0000-000000000001'),  -- Mobile menu -> Bug
  ('20000000-0000-0000-0000-000000000012', '30000000-0000-0000-0000-000000000001'),  -- Timezone offset -> Bug
  ('20000000-0000-0000-0000-000000000013', '30000000-0000-0000-0000-000000000001'),  -- WebSocket reconnect -> Bug
  ('20000000-0000-0000-0000-000000000013', '30000000-0000-0000-0000-000000000003'),  -- WebSocket reconnect -> Urgent
  ('20000000-0000-0000-0000-000000000015', '30000000-0000-0000-0000-000000000001'),  -- Token race condition -> Bug
  ('20000000-0000-0000-0000-000000000015', '30000000-0000-0000-0000-000000000003'),  -- Token race condition -> Urgent
  ('20000000-0000-0000-0000-000000000017', '30000000-0000-0000-0000-000000000001'),  -- CORS preflight -> Bug
  ('20000000-0000-0000-0000-000000000014', '30000000-0000-0000-0000-000000000001'); -- Drag preview -> Bug
